{"name":"eefd0ec8-fc88-4cb8-a5c6-ade488cd3063","id":"/providers/Microsoft.Flow/flows/eefd0ec8-fc88-4cb8-a5c6-ade488cd3063","type":"Microsoft.Flow/flows","properties":{"apiId":"/providers/Microsoft.PowerApps/apis/shared_logicflows","displayName":"CRC Employment","definition":{"metadata":{"workflowEntityId":null,"processAdvisorMetadata":null,"flowChargedByPaygo":null,"flowclientsuspensionreason":"None","flowclientsuspensiontime":null,"flowclientsuspensionreasondetails":null,"creator":{"id":"859a9a37-3aa4-4ae0-abf7-4499783f4c49","type":"User","tenantId":"6f344524-0aa9-4416-89d6-7f1bb85a1364"},"provisioningMethod":"FromDefinition","failureAlertSubscription":true,"clientLastModifiedTime":"2025-09-15T19:21:07.128085Z","connectionKeySavedTimeKey":"2025-09-15T19:21:07.128085Z","creationSource":"Portal","modifiedSources":"Portal"},"$schema":"https://schema.management.azure.com/providers/Microsoft.Logic/schemas/2016-06-01/workflowdefinition.json#","contentVersion":"1.0.0.0","parameters":{"$authentication":{"defaultValue":{},"type":"SecureObject"},"$connections":{"defaultValue":{},"type":"Object"}},"triggers":{"When_a_new_response_is_submitted":{"splitOn":"@triggerOutputs()?['body/value']","type":"OpenApiConnectionWebhook","inputs":{"parameters":{"form_id":"JEU0b6kKFkSJ1n8buFoTZD7U61Xb6-xHrTKt-uyycNRUNTNOTEoxV0pVOEQxVlQzMzU4OTIyNTBFQSQlQCN0PWcu"},"host":{"apiId":"/providers/Microsoft.PowerApps/apis/shared_microsoftforms","connectionName":"shared_microsoftforms","operationId":"CreateFormWebhook"},"authentication":"@parameters('$authentication')"}}},"actions":{"Get_response_details":{"runAfter":{},"type":"OpenApiConnection","inputs":{"parameters":{"form_id":"JEU0b6kKFkSJ1n8buFoTZD7U61Xb6-xHrTKt-uyycNRUNTNOTEoxV0pVOEQxVlQzMzU4OTIyNTBFQSQlQCN0PWcu","response_id":"@triggerOutputs()?['body/resourceData/responseId']"},"host":{"apiId":"/providers/Microsoft.PowerApps/apis/shared_microsoftforms","connectionName":"shared_microsoftforms","operationId":"GetFormResponseById"},"authentication":"@parameters('$authentication')"}},"Compose":{"runAfter":{"Get_response_details":["Succeeded"]},"type":"Compose","inputs":"@{outputs('Get_response_details')?['body/r83b22ad0f043457bb39381c9c0374151']},@{outputs('Get_response_details')?['body/r95b6c77215f840498105e5ca4f10a6fb']},@{outputs('Get_response_details')?['body/r023a5c42758e4b268f77475950202981']},@{formatDateTime(outputs('Get_response_details')?['body/r39a06c596eb141d8923d2dc8f8693837'], 'MM/dd/yyyy')},@{outputs('Get_response_details')?['body/ra25318934af74d7fb3c108a74637f683']},@{outputs('Get_response_details')?['body/r30329a1a53ff49578677b65597bdbcf6']},@{outputs('Get_response_details')?['body/rc53cf6afd4d843d2b0fcb2836d4ee2d1']},@{outputs('Get_response_details')?['body/r9402987a2aa742f6a23e67148cf4fefe']}"},"Compose_1":{"runAfter":{"Compose":["Succeeded"]},"type":"Compose","inputs":"@split(outputs('Compose'), ',')"},"Add_a_row_into_a_table":{"runAfter":{"Compose_1":["Succeeded"]},"metadata":{"01TXGMPKGXEJNI5RJOGZCLRJ2QFX6LR7L2":"/General/DATA/CRC Data.xlsx","tableId":"{F0AD3AAA-D37F-45AC-8C1C-68C28D6543B0}"},"type":"OpenApiConnection","inputs":{"parameters":{"source":"sites/mccnetmccneb.sharepoint.com,2fd45e03-c7c3-4898-8f63-1eba7bd899d2,95430a95-b94f-4027-9bc1-b4464d9f534c","drive":"b!A17UL8PHmEiPYx66e9iZ0pUKQ5VPuSdAm8G0Rk2fU0zBrAQu-K-cRbX0UZLRTg6D","file":"01TXGMPKGXEJNI5RJOGZCLRJ2QFX6LR7L2","table":"{F0AD3AAA-D37F-45AC-8C1C-68C28D6543B0}","item/MCCID":"@outputs('Compose_1')[0]","item/First Name":"@outputs('Compose_1')[1]","item/Last Name":"@outputs('Compose_1')[2]","item/Date of Employment":"@outputs('Compose_1')[3]","item/Employer":"@outputs('Compose_1')[4]","item/Starting Wage":"@outputs('Compose_1')[5]","item/Wage Unit":"@outputs('Compose_1')[6]","item/Notes":"@outputs('Compose_1')[7]"},"host":{"apiId":"/providers/Microsoft.PowerApps/apis/shared_excelonlinebusiness","connectionName":"shared_excelonlinebusiness","operationId":"AddRowV2"},"authentication":"@parameters('$authentication')"}},"Update_a_row":{"runAfter":{"Add_a_row_into_a_table":["Succeeded"]},"metadata":{"01TXGMPKGXEJNI5RJOGZCLRJ2QFX6LR7L2":"/General/DATA/CRC Data.xlsx","tableId":"{9652AEAE-3FB7-4904-A850-287E2393AF53}"},"type":"OpenApiConnection","inputs":{"parameters":{"source":"sites/mccnetmccneb.sharepoint.com,2fd45e03-c7c3-4898-8f63-1eba7bd899d2,95430a95-b94f-4027-9bc1-b4464d9f534c","drive":"b!A17UL8PHmEiPYx66e9iZ0pUKQ5VPuSdAm8G0Rk2fU0zBrAQu-K-cRbX0UZLRTg6D","file":"01TXGMPKGXEJNI5RJOGZCLRJ2QFX6LR7L2","table":"{9652AEAE-3FB7-4904-A850-287E2393AF53}","idColumn":"MCCID","id":"@outputs('Add_a_row_into_a_table')?['body/MCCID']","item/Date of Original Visit":"@outputs('Compose_1')[3]","item/Eligible for Employment":"Yes","item/Currently Employed":"Yes"},"host":{"apiId":"/providers/Microsoft.PowerApps/apis/shared_excelonlinebusiness","connectionName":"shared_excelonlinebusiness","operationId":"PatchItem"},"authentication":"@parameters('$authentication')"}}},"outputs":{}},"connectionReferences":{"shared_microsoftforms":{"connectionName":"shared-microsoftform-3b099828-93da-4c7c-9ea8-90621c8a0fb3","source":"Embedded","id":"/providers/Microsoft.PowerApps/apis/shared_microsoftforms","tier":"NotSpecified","apiName":"microsoftforms","isProcessSimpleApiReferenceConversionAlreadyDone":false},"shared_excelonlinebusiness":{"connectionName":"shared-excelonlinebu-03ae554c-f302-4577-9f77-c0ac003e34b3","source":"Embedded","id":"/providers/Microsoft.PowerApps/apis/shared_excelonlinebusiness","tier":"NotSpecified","apiName":"excelonlinebusiness","isProcessSimpleApiReferenceConversionAlreadyDone":false}},"flowFailureAlertSubscribed":false,"isManaged":false}}