{"name":"f3f98936-9b37-46f8-813f-fdc40b862edc","id":"/providers/Microsoft.Flow/flows/f3f98936-9b37-46f8-813f-fdc40b862edc","type":"Microsoft.Flow/flows","properties":{"apiId":"/providers/Microsoft.PowerApps/apis/shared_logicflows","displayName":"CRC new participant and visits","definition":{"metadata":{"workflowEntityId":null,"processAdvisorMetadata":null,"flowChargedByPaygo":null,"flowclientsuspensionreason":"None","flowclientsuspensiontime":null,"flowclientsuspensionreasondetails":null,"creator":{"id":"859a9a37-3aa4-4ae0-abf7-4499783f4c49","type":"User","tenantId":"6f344524-0aa9-4416-89d6-7f1bb85a1364"},"provisioningMethod":"FromDefinition","failureAlertSubscription":true,"clientLastModifiedTime":"2025-10-16T16:24:06.5229847Z","connectionKeySavedTimeKey":"2025-10-16T16:24:06.5229847Z","creationSource":"Portal","modifiedSources":"Portal"},"$schema":"https://schema.management.azure.com/providers/Microsoft.Logic/schemas/2016-06-01/workflowdefinition.json#","contentVersion":"1.0.0.0","parameters":{"$authentication":{"defaultValue":{},"type":"SecureObject"},"$connections":{"defaultValue":{},"type":"Object"}},"triggers":{"When_a_new_response_is_submitted":{"splitOn":"@triggerOutputs()?['body/value']","metadata":{"operationMetadataId":"cda40b71-4922-4ebd-916c-7cdb1f2fcbb4"},"type":"OpenApiConnectionWebhook","inputs":{"parameters":{"form_id":"JEU0b6kKFkSJ1n8buFoTZD7U61Xb6-xHrTKt-uyycNRURVBFRkZPRkFQMDFCS1JSSEU5S1FZVk40NSQlQCN0PWcu"},"host":{"apiId":"/providers/Microsoft.PowerApps/apis/shared_microsoftforms","connectionName":"shared_microsoftforms","operationId":"CreateFormWebhook"},"authentication":"@parameters('$authentication')"}}},"actions":{"Get_response_details":{"runAfter":{},"metadata":{"operationMetadataId":"b122c343-d2e6-4db2-9156-ba00cd019564"},"type":"OpenApiConnection","inputs":{"parameters":{"form_id":"JEU0b6kKFkSJ1n8buFoTZD7U61Xb6-xHrTKt-uyycNRURVBFRkZPRkFQMDFCS1JSSEU5S1FZVk40NSQlQCN0PWcu","response_id":"@triggerOutputs()?['body/resourceData/responseId']"},"host":{"apiId":"/providers/Microsoft.PowerApps/apis/shared_microsoftforms","connectionName":"shared_microsoftforms","operationId":"GetFormResponseById"},"authentication":"@parameters('$authentication')"}},"Create_string":{"runAfter":{"Get_response_details":["Succeeded"]},"metadata":{"operationMetadataId":"cd5e7dbb-a51f-4228-9aa0-8656b21e8fea"},"type":"Compose","inputs":"@{outputs('Get_response_details')?['body/r3eda99727d4647bd817b338dffc03529']},@{outputs('Get_response_details')?['body/r5f45315c542f4ef194d4e5f5d22a238c']},@{outputs('Get_response_details')?['body/r4f1bd7a54ee04bf8b2f48c69987b7ade']},@{outputs('Get_response_details')?['body/r67a1eac2b3c743538ca95bc34bae1bb3']},@{formatDateTime(outputs('Get_response_details')?['body/rc5ad6db0b814471da6551f600409e86a'], 'MM/dd/yyyy')},@{outputs('Get_response_details')?['body/r891a34f88520497894f01c3ecf110162']},@{outputs('Get_response_details')?['body/r03a6b42c7a5b4a57aafc83bbd37491cc']},@{substring(outputs('Get_response_details')?['body/ra56e73d765e4414386d729c2dc8cae9a'], 2, sub(length(outputs('Get_response_details')?['body/ra56e73d765e4414386d729c2dc8cae9a']), 4))\n},@{outputs('Get_response_details')?['body/r80d424f3c00440fa807001e371d6c36c']}"},"Split":{"runAfter":{"Create_string":["Succeeded"]},"metadata":{"operationMetadataId":"6dc832f8-b16a-4919-8126-4801975a344b"},"type":"Compose","inputs":"@split(outputs('Create_string'), ',')"},"Check_new_participant_for_previous_entry":{"runAfter":{"check_employment_eligible":["Succeeded"]},"metadata":{"01TXGMPKGXEJNI5RJOGZCLRJ2QFX6LR7L2":"/General/DATA/CRC Data.xlsx","tableId":"{9652AEAE-3FB7-4904-A850-287E2393AF53}","operationMetadataId":"619a1521-75ea-4fdf-885d-26b071d707c6"},"type":"OpenApiConnection","inputs":{"parameters":{"source":"sites/mccnetmccneb.sharepoint.com,2fd45e03-c7c3-4898-8f63-1eba7bd899d2,95430a95-b94f-4027-9bc1-b4464d9f534c","drive":"b!A17UL8PHmEiPYx66e9iZ0pUKQ5VPuSdAm8G0Rk2fU0zBrAQu-K-cRbX0UZLRTg6D","file":"01TXGMPKGXEJNI5RJOGZCLRJ2QFX6LR7L2","table":"{9652AEAE-3FB7-4904-A850-287E2393AF53}","$filter":"MCCID eq @{outputs('Split')[0]}","$top":1},"host":{"apiId":"/providers/Microsoft.PowerApps/apis/shared_excelonlinebusiness","connectionName":"shared_excelonlinebusiness","operationId":"GetItems"},"authentication":"@parameters('$authentication')"}},"Condition":{"actions":{"Add_New_Participant":{"metadata":{"01TXGMPKGXEJNI5RJOGZCLRJ2QFX6LR7L2":"/General/DATA/CRC Data.xlsx","tableId":"{9652AEAE-3FB7-4904-A850-287E2393AF53}","operationMetadataId":"de3188b9-7ecd-4a60-af26-8554ee82d66c"},"type":"OpenApiConnection","inputs":{"parameters":{"source":"sites/mccnetmccneb.sharepoint.com,2fd45e03-c7c3-4898-8f63-1eba7bd899d2,95430a95-b94f-4027-9bc1-b4464d9f534c","drive":"b!A17UL8PHmEiPYx66e9iZ0pUKQ5VPuSdAm8G0Rk2fU0zBrAQu-K-cRbX0UZLRTg6D","file":"01TXGMPKGXEJNI5RJOGZCLRJ2QFX6LR7L2","table":"{9652AEAE-3FB7-4904-A850-287E2393AF53}","item/MCCID":"@outputs('Split')[0]","item/First name":"@outputs('Split')[1]","item/Last name":"@outputs('Split')[2]","item/Status~1Classification":"@outputs('Split')[3]","item/Date of Original Visit":"@outputs('Split')[4]","item/Eligible for Employment":"@outputs('Split')[5]","item/Currently Employed":"@outputs('Split')[6]","item/Worked on_x003a_":"@outputs('Split')[7]","item/Notes":"@join(skip(outputs('Split'), 8), ',')\r\n"},"host":{"apiId":"/providers/Microsoft.PowerApps/apis/shared_excelonlinebusiness","connectionName":"shared_excelonlinebusiness","operationId":"AddRowV2"},"authentication":"@parameters('$authentication')"}}},"runAfter":{"Clean_data_value":["Succeeded"]},"else":{"actions":{"For_each_1":{"foreach":"@outputs('Check_new_participant_for_previous_entry')?['body/value']","actions":{"Add_a_Row_to_Visit":{"metadata":{"01TXGMPKGXEJNI5RJOGZCLRJ2QFX6LR7L2":"/General/DATA/CRC Data.xlsx","tableId":"{E5AA4CA6-970B-4836-BBA9-C4A679D83D02}","operationMetadataId":"79e22d7e-3fc6-4edc-9f0c-5020e9034cf2"},"type":"OpenApiConnection","inputs":{"parameters":{"source":"groups/55ebd43e-ebdb-47ec-ad32-adfaecb270d4","drive":"b!A17UL8PHmEiPYx66e9iZ0pUKQ5VPuSdAm8G0Rk2fU0zBrAQu-K-cRbX0UZLRTg6D","file":"01TXGMPKGXEJNI5RJOGZCLRJ2QFX6LR7L2","table":"{E5AA4CA6-970B-4836-BBA9-C4A679D83D02}","item/MCCID":"@outputs('Split')[0]","item/First Name":"@outputs('Split')[1]","item/Last Name":"@outputs('Split')[2]","item/Date of Additional Visit":"@outputs('Split')[4]","item/Purpose of Visit":"@outputs('Split')[7]","item/Notes":"@join(skip(outputs('Split'), 8), ',')\r\n"},"host":{"apiId":"/providers/Microsoft.PowerApps/apis/shared_excelonlinebusiness","connectionName":"shared_excelonlinebusiness","operationId":"AddRowV2"},"authentication":"@parameters('$authentication')"}},"Eligible_true_or_false":{"actions":{"Update_eligible_for_employment":{"metadata":{"01TXGMPKGXEJNI5RJOGZCLRJ2QFX6LR7L2":"/General/DATA/CRC Data.xlsx","tableId":"{9652AEAE-3FB7-4904-A850-287E2393AF53}","operationMetadataId":"69491c20-e89b-4058-afe0-bde9c6bec13c"},"type":"OpenApiConnection","inputs":{"parameters":{"source":"sites/mccnetmccneb.sharepoint.com,2fd45e03-c7c3-4898-8f63-1eba7bd899d2,95430a95-b94f-4027-9bc1-b4464d9f534c","drive":"b!A17UL8PHmEiPYx66e9iZ0pUKQ5VPuSdAm8G0Rk2fU0zBrAQu-K-cRbX0UZLRTg6D","file":"01TXGMPKGXEJNI5RJOGZCLRJ2QFX6LR7L2","table":"{9652AEAE-3FB7-4904-A850-287E2393AF53}","idColumn":"MCCID","id":"@outputs('Split')[0]","item/Eligible for Employment":"@outputs('Split')[5]"},"host":{"apiId":"/providers/Microsoft.PowerApps/apis/shared_excelonlinebusiness","connectionName":"shared_excelonlinebusiness","operationId":"PatchItem"},"authentication":"@parameters('$authentication')"}},"Add_a_row_into_a_table":{"runAfter":{"Update_eligible_for_employment":["Succeeded"]},"metadata":{"01TXGMPKGXEJNI5RJOGZCLRJ2QFX6LR7L2":"/General/DATA/CRC Data.xlsx","tableId":"{6D63A81F-11F5-46ED-85BE-5320BFB10B50}"},"type":"OpenApiConnection","inputs":{"parameters":{"source":"sites/mccnetmccneb.sharepoint.com,2fd45e03-c7c3-4898-8f63-1eba7bd899d2,95430a95-b94f-4027-9bc1-b4464d9f534c","drive":"b!A17UL8PHmEiPYx66e9iZ0pUKQ5VPuSdAm8G0Rk2fU0zBrAQu-K-cRbX0UZLRTg6D","file":"01TXGMPKGXEJNI5RJOGZCLRJ2QFX6LR7L2","table":"{6D63A81F-11F5-46ED-85BE-5320BFB10B50}","item/MCCID":"@outputs('Split')[0]","item/First Name":"@outputs('Split')[1]","item/Last Name":"@outputs('Split')[2]","item/Status~1Class":"@outputs('Split')[3]","item/Active Date":"@outputs('Split')[4]"},"host":{"apiId":"/providers/Microsoft.PowerApps/apis/shared_excelonlinebusiness","connectionName":"shared_excelonlinebusiness","operationId":"AddRowV2"},"authentication":"@parameters('$authentication')"}}},"runAfter":{"Add_a_Row_to_Visit":["Succeeded"]},"else":{"actions":{}},"expression":{"and":[{"equals":["@outputs('check_employment_eligible')",true]}]},"metadata":{"operationMetadataId":"7138e5b7-5558-48b4-9047-1a3546ca14e2"},"type":"If"}},"metadata":{"operationMetadataId":"06976cb0-44ad-4b21-9c8d-96cb4e11b1eb"},"type":"Foreach"}}},"expression":{"and":[{"equals":["@outputs('Clean_data_value')",0]}]},"metadata":{"operationMetadataId":"d603a350-cf98-4674-9438-f8a518cfa55d"},"type":"If"},"Clean_data_value":{"runAfter":{"Check_new_participant_for_previous_entry":["Succeeded"]},"metadata":{"operationMetadataId":"695ed6fb-e3a8-42a5-b8ae-0c5e59e9528e"},"type":"Compose","inputs":"@length(outputs('Check_new_participant_for_previous_entry')?['body/value'])\r\n"},"check_employment_eligible":{"runAfter":{"Split":["Succeeded"]},"metadata":{"operationMetadataId":"04fee4a8-4a11-4e9e-9e0f-41c6d0fbda1f"},"type":"Compose","inputs":"@if(\r\n  contains(\r\n    createArray('yes', 'true', 'y', '1'),\r\n    toLower(trim(replace(replace(outputs('Split')[5], '\\n', ''), '\\r', '')))\r\n  ),\r\n  true,\r\n  false\r\n)\r\n"}},"outputs":{}},"connectionReferences":{"shared_microsoftforms":{"connectionName":"shared-microsoftform-3b099828-93da-4c7c-9ea8-90621c8a0fb3","source":"Embedded","id":"/providers/Microsoft.PowerApps/apis/shared_microsoftforms","tier":"NotSpecified","apiName":"microsoftforms","isProcessSimpleApiReferenceConversionAlreadyDone":false},"shared_excelonlinebusiness":{"connectionName":"shared-excelonlinebu-03ae554c-f302-4577-9f77-c0ac003e34b3","source":"Embedded","id":"/providers/Microsoft.PowerApps/apis/shared_excelonlinebusiness","tier":"NotSpecified","apiName":"excelonlinebusiness","isProcessSimpleApiReferenceConversionAlreadyDone":false}},"flowFailureAlertSubscribed":false,"isManaged":false}}